keyword,volume,intent
free tutoring bay area,3200,commercial
free peer tutoring,1800,informational
k-8 tutoring bay area,2400,commercial
online tutoring for kids,5400,commercial
free homework help online,8800,informational
summer tutoring program,3600,commercial
milpitas tutoring,800,commercial
bay area math tutor,2900,commercial
free science tutoring,1200,informational
free english tutoring,1400,informational
private tutoring vs peer tutoring,600,informational
how to find free tutoring,2600,informational
best free tutoring programs,1900,commercial
community service hours high school,4800,informational
volunteer tutoring bay area,1600,commercial
teen tutor volunteer,2200,commercial
free after school program,7200,commercial
k-8 math help free,1100,informational
reading tutor for kids free,3400,commercial
history tutoring free,400,informational
elementary tutoring bay area,1800,commercial
middle school tutoring free,2100,commercial
zoom tutoring for kids,2900,commercial
milpitas library study rooms,300,navigational
peer tutoring benefits,900,informational
what is telos meaning,600,informational
aristotle telos purpose,800,informational
free academic support bay area,1500,informational
tutoring for low income families,3400,commercial
online reading comprehension help,1200,commercial
pre-algebra help free,1800,informational
competition math prep free,500,commercial
free geography tutoring,200,informational
civics tutoring free,150,informational
volunteer hours for college apps,5600,informational
leadership opportunities teens,4200,informational
best tutoring programs bay area,2400,commercial
milpitas high school tutoring,400,commercial
free grammar help,2200,informational
science fair help free,800,informational
world history tutoring free,350,informational
us history tutoring free,400,informational
summer learning loss prevention,1800,informational
k-8 academic enrichment,1400,commercial
free study skills tutoring,600,informational
how to become a peer tutor,1200,informational
high school volunteer opportunities,9800,commercial
free test prep for kids,1600,commercial
telos tutoring,100,navigational
dhiaan dave,50,navigational
neal panuganti,50,navigational
